asunto,descripcion,prioridad
Olvide mi contraseña,No puedo ingresar a mi cuenta porque olvide mi contraseña,Baja
No puedo iniciar sesión,El sistema indica que mi usuario o contraseña es incorrecto,Media
Cuenta bloqueada,Mi cuenta fue bloqueada después de varios intentos,Alta
Necesito restablecer mi clave,Quiero cambiar la contraseña de mi cuenta,Baja
No tengo acceso al sistema,Mi usuario no tiene permisos para ingresar a la plataforma,Alta
Problema con mi usuario,No puedo acceder a mi cuenta institucional,Media
Contraseña vencida,El sistema me solicita cambiar mi contraseña porque venció,Baja
No puedo entrar al correo,Mi cuenta de correo no permite iniciar sesión,Alta
Usuario bloqueado,Mi usuario aparece bloqueado en el sistema,Alta
Necesito permisos,Necesito acceso a una carpeta compartida,Baja
Computador no enciende,Mi computador no prende al presionar el botón,Critico
Notebook lento,Mi notebook tarda demasiado tiempo en iniciar,Baja
Problema con el teclado,Algunas teclas de mi teclado dejaron de funcionar,Baja
Mouse no funciona,El mouse dejó de responder correctamente,Baja
Pantalla negra,El computador enciende pero la pantalla permanece negra,Critico
Impresora no imprime,La impresora recibe el documento pero no imprime,Media
Computador se apaga,Mi computador se apaga inesperadamente,Alta
Problema con monitor,El monitor no muestra imagen,Media
Disco duro lleno,Mi computador indica que no tiene espacio disponible,Media
Notebook se calienta,El equipo se calienta demasiado después de algunos minutos,Media
Excel se cierra,Microsoft Excel se cierra inesperadamente mientras trabajo,Media
Word no abre,Microsoft Word no inicia correctamente,Media
Error en programa,Una aplicación muestra un mensaje de error al ejecutarse,Media
Programa lento,El software tarda demasiado tiempo en responder,Baja
Aplicación no funciona,Un programa dejó de funcionar después de una actualización,Media
Error al instalar programa,No puedo instalar una aplicación en mi computador,Baja
Sistema se congela,La aplicación queda congelada y no responde,Alta
Problema con navegador,Google Chrome se cierra inesperadamente,Media
Actualización con error,Después de actualizar el programa comenzó a fallar,Media
Licencia de software,El sistema indica que la licencia del programa expiró,Media
No tengo internet,Mi computador no puede conectarse a internet,Alta
WiFi no funciona,No puedo conectarme a la red inalámbrica,Media
Internet lento,La conexión a internet está demasiado lenta,Baja
No detecta WiFi,Mi notebook no encuentra ninguna red inalámbrica,Media
Sin conexión,El equipo indica que no tiene conexión de red,Alta
VPN no conecta,No puedo conectarme a la red mediante VPN,Alta
Problema con red,No puedo acceder a los recursos de la red interna,Media
Cable de red,El computador no detecta el cable Ethernet,Media
Internet se desconecta,La conexión se corta constantemente,Media
No puedo acceder al servidor,El servidor no responde desde mi computador,Critico
Correo sospechoso,Recibí un correo electrónico con un enlace sospechoso,Alta
Posible phishing,Recibí un mensaje que solicita mis datos personales,Alta
Archivo sospechoso,Descargué un archivo que parece contener un virus,Alta
Actividad extraña,Detecté actividad sospechosa en mi cuenta,Critico
Cuenta comprometida,Creo que alguien ingresó a mi cuenta sin autorización,Critico
Mensaje fraudulento,Recibí un mensaje que parece ser una estafa,Media
Posible virus,Mi computador muestra señales de estar infectado,Critico
Alerta de seguridad,El antivirus detectó una amenaza en mi equipo,Critico
Acceso desconocido,Veo un inicio de sesión que no reconozco,Critico
Enlace peligroso,Abrí un enlace que podría ser malicioso,Alta
Solicitar cuenta,Necesito crear una cuenta para utilizar el sistema,Baja
Consulta sobre sistema,Quiero saber cómo funciona la plataforma,Baja
Información de soporte,Necesito información sobre el servicio de soporte técnico,Baja
Horario de atención,Quiero conocer el horario de atención del área TI,Baja
Solicitar información,Tengo una consulta sobre los servicios disponibles,Baja
Cómo usar el sistema,Necesito ayuda para aprender a utilizar la plataforma,Baja
Consulta general,Tengo una duda sobre el funcionamiento del sistema,Baja
Información sobre servicio,Quiero conocer qué servicios ofrece el área de informática,Baja
Solicitud de ayuda,Necesito orientación sobre un procedimiento,Baja
Pregunta sobre plataforma,Tengo una pregunta relacionada con el sistema institucional,Baja