asunto,descripcion,categoria,prioridad
Olvide mi contraseña,No puedo ingresar a mi cuenta porque olvide mi contraseña,Accesos,Media
No puedo iniciar sesión,El sistema indica que mi usuario o contraseña es incorrecto,Accesos,Media
Cuenta bloqueada,Mi cuenta fue bloqueada después de varios intentos,Accesos,Alta
Necesito restablecer mi clave,Quiero cambiar la contraseña de mi cuenta,Accesos,Media
No tengo acceso al sistema,Mi usuario no tiene permisos para ingresar a la plataforma,Accesos,Alta
Problema con mi usuario,No puedo acceder a mi cuenta institucional,Accesos,Alta
Contraseña vencida,El sistema me solicita cambiar mi contraseña porque venció,Accesos,Media
No puedo entrar al correo,Mi cuenta de correo no permite iniciar sesión,Accesos,Alta
Usuario bloqueado,Mi usuario aparece bloqueado en el sistema,Accesos,Alta
Necesito permisos,Necesito acceso a una carpeta compartida,Accesos,Media
Computador no enciende,Mi computador no prende al presionar el botón,Hardware,Alta
Notebook lento,Mi notebook tarda demasiado tiempo en iniciar,Hardware,Media
Problema con el teclado,Algunas teclas de mi teclado dejaron de funcionar,Hardware,Baja
Mouse no funciona,El mouse dejó de responder correctamente,Hardware,Baja
Pantalla negra,El computador enciende pero la pantalla permanece negra,Hardware,Alta
Impresora no imprime,La impresora recibe el documento pero no imprime,Hardware,Media
Computador se apaga,Mi computador se apaga inesperadamente,Hardware,Alta
Problema con monitor,El monitor no muestra imagen,Hardware,Alta
Disco duro lleno,Mi computador indica que no tiene espacio disponible,Hardware,Media
Notebook se calienta,El equipo se calienta demasiado después de algunos minutos,Hardware,Alta
Excel se cierra,Microsoft Excel se cierra inesperadamente mientras trabajo,Software,Media
Word no abre,Microsoft Word no inicia correctamente,Software,Media
Error en programa,Una aplicación muestra un mensaje de error al ejecutarse,Software,Media
Programa lento,El software tarda demasiado tiempo en responder,Software,Baja
Aplicación no funciona,Un programa dejó de funcionar después de una actualización,Software,Alta
Error al instalar programa,No puedo instalar una aplicación en mi computador,Software,Media
Sistema se congela,La aplicación queda congelada y no responde,Software,Alta
Problema con navegador,Google Chrome se cierra inesperadamente,Software,Media
Actualización con error,Después de actualizar el programa comenzó a fallar,Software,Media
Licencia de software,El sistema indica que la licencia del programa expiró,Software,Media
No tengo internet,Mi computador no puede conectarse a internet,Red,Alta
WiFi no funciona,No puedo conectarme a la red inalámbrica,Red,Alta
Internet lento,La conexión a internet está demasiado lenta,Red,Media
No detecta WiFi,Mi notebook no encuentra ninguna red inalámbrica,Red,Alta
Sin conexión,El equipo indica que no tiene conexión de red,Red,Alta
VPN no conecta,No puedo conectarme a la red mediante VPN,Red,Alta
Problema con red,No puedo acceder a los recursos de la red interna,Red,Alta
Cable de red,El computador no detecta el cable Ethernet,Red,Media
Internet se desconecta,La conexión se corta constantemente,Red,Alta
No puedo acceder al servidor,El servidor no responde desde mi computador,Red,Critica
Correo sospechoso,Recibí un correo electrónico con un enlace sospechoso,Seguridad,Alta
Posible phishing,Recibí un mensaje que solicita mis datos personales,Seguridad,Critica
Archivo sospechoso,Descargué un archivo que parece contener un virus,Seguridad,Critica
Actividad extraña,Detecté actividad sospechosa en mi cuenta,Seguridad,Critica
Cuenta comprometida,Creo que alguien ingresó a mi cuenta sin autorización,Seguridad,Critica
Mensaje fraudulento,Recibí un mensaje que parece ser una estafa,Seguridad,Alta
Posible virus,Mi computador muestra señales de estar infectado,Seguridad,Critica
Alerta de seguridad,El antivirus detectó una amenaza en mi equipo,Seguridad,Critica
Acceso desconocido,Veo un inicio de sesión que no reconozco,Seguridad,Critica
Enlace peligroso,Abrí un enlace que podría ser malicioso,Seguridad,Critica
Solicitar cuenta,Necesito crear una cuenta para utilizar el sistema,Consulta general,Baja
Consulta sobre sistema,Quiero saber cómo funciona la plataforma,Consulta general,Baja
Información de soporte,Necesito información sobre el servicio de soporte técnico,Consulta general,Baja
Horario de atención,Quiero conocer el horario de atención del área TI,Consulta general,Baja
Solicitar información,Tengo una consulta sobre los servicios disponibles,Consulta general,Baja
Cómo usar el sistema,Necesito ayuda para aprender a utilizar la plataforma,Consulta general,Baja
Consulta general,Tengo una duda sobre el funcionamiento del sistema,Consulta general,Baja
Información sobre servicio,Quiero conocer qué servicios ofrece el área de informática,Consulta general,Baja
Solicitud de ayuda,Necesito orientación sobre un procedimiento,Consulta general,Baja
Pregunta sobre plataforma,Tengo una pregunta relacionada con el sistema institucional,Consulta general,Baja
